COMID,CAT_HGA,CAT_HGAC,CAT_HGAD,CAT_HGB,CAT_HGBC,CAT_HGBD,CAT_HGC,CAT_HGCD,CAT_HGD,CAT_HGVAR,NODATA,source
3917070,43.67,0,0,41.82,0,0,9.67,0,4.84,0,0,STATSGO_HYDGRP_CAT_CONUS
3917072,7,0,0,69,0,0,17,0,7,0,0,STATSGO_HYDGRP_CAT_CONUS
3917082,92,0,0,6,0,0,0,0,2,0,0,STATSGO_HYDGRP_CAT_CONUS
3917084,78.57,0,0,6.83,0,0,3.05,0,11.55,0,0,STATSGO_HYDGRP_CAT_CONUS
3917106,68.07,0,0,23.74,0,0,4.79,0,3.41,0,0,STATSGO_HYDGRP_CAT_CONUS
3917114,7,0,0,69,0,0,17,0,7,0,0,STATSGO_HYDGRP_CAT_CONUS
3917130,11.59,0,0,65.6,0,0,16.08,0,6.73,0,0,STATSGO_HYDGRP_CAT_CONUS
3917136,64.32,0,0,26.51,0,0,5.54,0,3.63,0,0,STATSGO_HYDGRP_CAT_CONUS
3917138,15.37,0,0,62.8,0,0,15.33,0,6.51,0,0,STATSGO_HYDGRP_CAT_CONUS
3917154,16.3,0,0,62.11,0,0,15.14,0,6.45,0,0,STATSGO_HYDGRP_CAT_CONUS
3917156,6.7,0,0,66.11,0,0,17.81,0,9.38,0,0,STATSGO_HYDGRP_CAT_CONUS
3917158,0,0,0,1,0,0,36,0,63,0,0,STATSGO_HYDGRP_CAT_CONUS
3917160,0,0,0,1,0,0,36,0,63,0,0,STATSGO_HYDGRP_CAT_CONUS
3917162,10.22,0,0,65.78,0,0,16.06,0,7.94,0,0,STATSGO_HYDGRP_CAT_CONUS
3917164,0,0,0,1,0,0,36,0,63,0,0,STATSGO_HYDGRP_CAT_CONUS
3917172,7.27,0,0,40.13,0,0,23.84,0,28.76,0,0,STATSGO_HYDGRP_CAT_CONUS
3917176,37.34,0,0,34.02,0,0,9.16,0,19.48,0,0,STATSGO_HYDGRP_CAT_CONUS
3917178,49.31,0,0,25.1,0,0,4.96,0,20.64,0,0,STATSGO_HYDGRP_CAT_CONUS
3917194,7,0,0,69,0,0,17,0,7,0,0,STATSGO_HYDGRP_CAT_CONUS
3917198,0,0,0,1,0,0,36,0,63,0,0,STATSGO_HYDGRP_CAT_CONUS
3917200,0,0,0,1,0,0,36,0,63,0,0,STATSGO_HYDGRP_CAT_CONUS
3917230,0,0,0,2.01,0,0,49.16,0,48.83,0,0,STATSGO_HYDGRP_CAT_CONUS
3917244,0,0,0,1.2,0,0,37.82,0,60.98,0,0,STATSGO_HYDGRP_CAT_CONUS
3917912,35.38,0,0,40.62,0,0,8.68,0,15.32,0,0,STATSGO_HYDGRP_CAT_CONUS
3917914,17.06,0,0,61.54,0,0,14.99,0,6.41,0,0,STATSGO_HYDGRP_CAT_CONUS
3917916,9.16,0,0,67.4,0,0,16.57,0,6.87,0,0,STATSGO_HYDGRP_CAT_CONUS
3917918,16.92,0,0,29.66,0,0,20.74,0,32.67,0,0,STATSGO_HYDGRP_CAT_CONUS
3917920,0,0,0,1,0,0,36,0,63,0,0,STATSGO_HYDGRP_CAT_CONUS
3917922,0,0,0,1.12,0,0,37.64,0,61.23,0,0,STATSGO_HYDGRP_CAT_CONUS
3917946,0,0,0,1.34,0,0,39.64,0,59.02,0,0,STATSGO_HYDGRP_CAT_CONUS
3917948,0,0,0,1.53,0,0,42.44,0,56.03,0,0,STATSGO_HYDGRP_CAT_CONUS
3917950,0,0,0,0.31,0,0,25.38,0,74.31,0,0,STATSGO_HYDGRP_CAT_CONUS
948010089,0,0,0,2.65,0,0,58.32,0,39.02,0,0,STATSGO_HYDGRP_CAT_CONUS
